{
    "0": {
        "precision": 1.0,
        "recall": 0.8333333333333334,
        "f1-score": 0.9090909090909091,
        "support": 6.0
    },
    "1": {
        "precision": 1.0,
        "recall": 1.0,
        "f1-score": 1.0,
        "support": 5.0
    },
    "2": {
        "precision": 1.0,
        "recall": 1.0,
        "f1-score": 1.0,
        "support": 6.0
    },
    "3": {
        "precision": 1.0,
        "recall": 1.0,
        "f1-score": 1.0,
        "support": 5.0
    },
    "4": {
        "precision": 0.9545454545454546,
        "recall": 1.0,
        "f1-score": 0.9767441860465116,
        "support": 42.0
    },
    "5": {
        "precision": 1.0,
        "recall": 1.0,
        "f1-score": 1.0,
        "support": 24.0
    },
    "6": {
        "precision": 1.0,
        "recall": 1.0,
        "f1-score": 1.0,
        "support": 8.0
    },
    "7": {
        "precision": 1.0,
        "recall": 0.8,
        "f1-score": 0.8888888888888888,
        "support": 5.0
    },
    "8": {
        "precision": 1.0,
        "recall": 1.0,
        "f1-score": 1.0,
        "support": 6.0
    },
    "accuracy": 0.9813084112149533,
    "macro avg": {
        "precision": 0.994949494949495,
        "recall": 0.9592592592592593,
        "f1-score": 0.9749693315584788,
        "support": 107.0
    },
    "weighted avg": {
        "precision": 0.9821580288870009,
        "recall": 0.9813084112149533,
        "f1-score": 0.9805817356349849,
        "support": 107.0
    }
}